<?xml version="1.0" encoding="utf-8" ?>
<lom:lom xmlns="https://ocw.mit.edu/xmlns/LOM"
         xmlns:lom="https://ocw.mit.edu/xmlns/LOM"
         xmlns:ocwlom="https://ocw.mit.edu/xmlns/ocwLOM"
         xmlns:xsi="http://www.w3.org/2001/XMLSchema-instance"
         xsi:schemaLocation="https://ocw.mit.edu/xmlns/LOM https://ocw.mit.edu/xsd/LOM/lomv1.0/lomv1.0.xsd https://ocw.mit.edu/xmlns/ocwLOM https://ocw.mit.edu/xsd/ocwLOM/ocwlomv1.0/ocwlomv1.0.xsd">
  <!--************************************************************ 
  This LOM record was produced by an automatic transformation to IEEE LOM, from OpenCourseWare's (OCW) initial version of Learning Object Metadata (LOM). (The initial version was based on IMS Global Consortium's LOM.)
			********************************************************-->
<!--***************************-->
<!--**** GENERAL ****-->
<!--***************************-->
    <lom:general uniqueElementName="general">
        <lom:title uniqueElementName="title">
            <lom:string language="en">18-702s11-th.jpg</lom:string>
        </lom:title>
        <lom:description>
            <lom:string language="en">A disc of radius r about the four vertices of this rectangle, and a disc of radius r/2 about the three half lattice points. Image by Prof. Artin.</lom:string>
        </lom:description>
        <lom:language>en</lom:language>
        <lom:aggregationLevel uniqueElementName="aggregationLevel">
            <lom:source uniqueElementName="source">LOMv1.0</lom:source>
            <lom:value uniqueElementName="value">2</lom:value>
        </lom:aggregationLevel>
    </lom:general>
<!--***************************-->
<!--**** LIFECYCLE ****-->
<!--***************************-->
    <lom:lifeCycle uniqueElementName="lifeCycle">
        <lom:version uniqueElementName="version">
            <lom:string language="en">Spring 2011</lom:string>
        </lom:version>
        <lom:contribute>
            <lom:role>
                <lom:source uniqueElementName="source">OCW_LOMv1.0</lom:source>
                <lom:value uniqueElementName="value">Author</lom:value>
            </lom:role>
            <lom:entity>Artin, Michael</lom:entity>
            <lom:date uniqueElementName="date">
                <lom:dateTime uniqueElementName="dateTime">2018-6-19</lom:dateTime>
            </lom:date>
        </lom:contribute>
        
    </lom:lifeCycle>
<!--***************************-->
<!--**** TECHNICAL ****-->
<!--***************************-->
    <lom:technical uniqueElementName="technical">
        <lom:location>/courses/mathematics/18-702-algebra-ii-spring-2011/18-702s11-th.jpg</lom:location>
        <lom:format>image/jpeg</lom:format>
        <lom:otherPlatformRequirements>
			<lom:string language="en"></lom:string>
		</lom:otherPlatformRequirements>
		<lom:size>3290</lom:size>
        <lom:requirement>
            <lom:orComposite>
                <lom:type uniqueElementName="type">
                    <lom:source uniqueElementName="source">LOMv1.0</lom:source>
                    <lom:value uniqueElementName="value">Browser</lom:value>
                </lom:type>
                <lom:name uniqueElementName="name">
                    <lom:source uniqueElementName="source">LOMv1.0</lom:source>
                    <lom:value uniqueElementName="value">Chrome</lom:value>
                </lom:name>
                <lom:minimumVersion
    uniqueElementName="minimumVersion">40.0</lom:minimumVersion>
            </lom:orComposite>
            <lom:orComposite>
                <lom:type uniqueElementName="type">
                    <lom:source uniqueElementName="source">LOMv1.0</lom:source>
                    <lom:value uniqueElementName="value">Browser</lom:value>
                </lom:type>
                <lom:name uniqueElementName="name">
                    <lom:source uniqueElementName="source">LOMv1.0</lom:source>
                    <lom:value uniqueElementName="value">Safari</lom:value>
                </lom:name>
                <lom:minimumVersion
    uniqueElementName="minimumVersion">8.0</lom:minimumVersion>
            </lom:orComposite>
            <lom:orComposite>
                <lom:type uniqueElementName="type">
                    <lom:source uniqueElementName="source">LOMv1.0</lom:source>
                    <lom:value uniqueElementName="value">Browser</lom:value>
                </lom:type>
                <lom:name uniqueElementName="name">
                    <lom:source uniqueElementName="source">LOMv1.0</lom:source>
                    <lom:value uniqueElementName="value">Mozilla Firefox</lom:value>
                </lom:name>
                <lom:minimumVersion
    uniqueElementName="minimumVersion">38.0</lom:minimumVersion>
            </lom:orComposite>
            <lom:orComposite>
                <lom:type uniqueElementName="type">
                    <lom:source uniqueElementName="source">LOMv1.0</lom:source>
                    <lom:value uniqueElementName="value">Browser</lom:value>
                </lom:type>
                <lom:name uniqueElementName="name">
                    <lom:source uniqueElementName="source">LOMv1.0</lom:source>
                    <lom:value uniqueElementName="value">Internet Explorer</lom:value>
                </lom:name>
                <lom:minimumVersion
    uniqueElementName="minimumVersion">9.0</lom:minimumVersion>
            </lom:orComposite>
            <lom:orComposite>
                <lom:type uniqueElementName="type">
                    <lom:source uniqueElementName="source">LOMv1.0</lom:source>
                    <lom:value uniqueElementName="value">Browser</lom:value>
                </lom:type>
                <lom:name uniqueElementName="name">
                    <lom:source uniqueElementName="source">LOMv1.0</lom:source>
                    <lom:value uniqueElementName="value">Edge</lom:value>
                </lom:name>
                <lom:minimumVersion
    uniqueElementName="minimumVersion">13.1</lom:minimumVersion>
            </lom:orComposite>
        </lom:requirement>
    </lom:technical>
<!--***************************-->
<!--**** EDUCATIONAL ****-->
<!--***************************-->
    <lom:educational>
    	<lom:learningResourceType>
			<lom:source uniqueElementName="source">LOMv1.0</lom:source>
			<lom:value uniqueElementName="value">Audio/Visual | Image/Image Set</lom:value>
		</lom:learningResourceType>
        <lom:context>
            <lom:source uniqueElementName="source">OCW_LOMv1.0</lom:source>
            <lom:value uniqueElementName="value">Undergraduate</lom:value>
        </lom:context>
        <lom:description>
			<lom:string language="en"></lom:string>
		</lom:description>
    </lom:educational>
<!--***************************-->
<!--**** RIGHTS ****-->
<!--***************************-->
    <lom:rights uniqueElementName="rights">
        <lom:copyrightAndOtherRestrictions uniqueElementName="copyrightAndOtherRestrictions">
            <lom:source uniqueElementName="source">LOMv1.0</lom:source>
            <lom:value uniqueElementName="value">yes</lom:value>
        </lom:copyrightAndOtherRestrictions>
        <lom:description>
            <lom:string language="en">This site (c) Massachusetts Institute of Technology 2018.  Content within individual courses is (c) by the individual authors unless otherwise noted. The Massachusetts Institute of Technology is providing this Work (as defined below) under the terms of this Creative Commons public license ("CCPL" or "license") unless otherwise noted. The Work is protected by copyright and/or other applicable law. Any use of the work other than as authorized under this license is prohibited. By exercising any of the rights to the Work provided here, You (as defined below) accept and agree to be bound by the terms of this license. The Licensor, the Massachusetts Institute of Technology, grants You the rights contained here in consideration of Your acceptance of such terms and conditions.</lom:string>
        </lom:description>
    </lom:rights>
<!--***************************-->
<!--**** RELATION ****-->
<!--***************************-->
    <lom:relation>
        <lom:kind uniqueElementName="kind">
            <lom:source uniqueElementName="source">LOMv1.0</lom:source>
            <lom:value uniqueElementName="value">ispartof</lom:value>
        </lom:kind>
        <lom:resource uniqueElementName="resource">
            <lom:identifier>
                <lom:catalog uniqueElementName="catalog">OCW Master Course Number</lom:catalog>
                <lom:entry uniqueElementName="entry">18.702 Algebra II Spring 2011</lom:entry>
            </lom:identifier>
            <lom:description>
                <lom:string language="en">This undergraduate level course follows Algebra I. Topics include group representations, rings, ideals, fields, polynomial rings, modules, factorization, integers in quadratic number fields, field extensions, and Galois theory.</lom:string>
            </lom:description>
        </lom:resource>
    </lom:relation>
<!--***************************-->
<!--**** CLASSIFICATION ****-->
<!--***************************-->
    <lom:classification>
        <lom:taxonPath>
            <lom:source uniqueElementName="source">
                <lom:string language="en">CIP</lom:string>
            </lom:source>
            <lom:taxon>
                <lom:id uniqueElementName="id">270102</lom:id>
                <lom:entry uniqueElementName="entry">
                    <lom:string language="en"></lom:string>
                </lom:entry>
            </lom:taxon>
        </lom:taxonPath>
        <lom:keyword>
            <lom:string language="en">Sylow theorems</lom:string>
        </lom:keyword>
        <lom:keyword>
            <lom:string language="en">Group Representations</lom:string>
        </lom:keyword>
        <lom:keyword>
            <lom:string language="en">definitions</lom:string>
        </lom:keyword>
        <lom:keyword>
            <lom:string language="en">unitary representations</lom:string>
        </lom:keyword>
        <lom:keyword>
            <lom:string language="en">characters</lom:string>
        </lom:keyword>
        <lom:keyword>
            <lom:string language="en">Schur's Lemma</lom:string>
        </lom:keyword>
        <lom:keyword>
            <lom:string language="en">Rings: Basic Definitions</lom:string>
        </lom:keyword>
        <lom:keyword>
            <lom:string language="en">homomorphisms</lom:string>
        </lom:keyword>
        <lom:keyword>
            <lom:string language="en">fractions</lom:string>
        </lom:keyword>
        <lom:keyword>
            <lom:string language="en">Factorization</lom:string>
        </lom:keyword>
        <lom:keyword>
            <lom:string language="en">unique factorization</lom:string>
        </lom:keyword>
        <lom:keyword>
            <lom:string language="en">Gauss' Lemma</lom:string>
        </lom:keyword>
        <lom:keyword>
            <lom:string language="en">explicit factorization</lom:string>
        </lom:keyword>
        <lom:keyword>
            <lom:string language="en">maximal ideals</lom:string>
        </lom:keyword>
        <lom:keyword>
            <lom:string language="en">Quadratic Imaginary Integers</lom:string>
        </lom:keyword>
        <lom:keyword>
            <lom:string language="en">Gauss Primes</lom:string>
        </lom:keyword>
        <lom:keyword>
            <lom:string language="en">quadratic integers</lom:string>
        </lom:keyword>
        <lom:keyword>
            <lom:string language="en">ideal factorization</lom:string>
        </lom:keyword>
        <lom:keyword>
            <lom:string language="en">ideal classes</lom:string>
        </lom:keyword>
        <lom:keyword>
            <lom:string language="en">Linear Algebra over a Ring</lom:string>
        </lom:keyword>
        <lom:keyword>
            <lom:string language="en">free modules</lom:string>
        </lom:keyword>
        <lom:keyword>
            <lom:string language="en">integer matrices</lom:string>
        </lom:keyword>
        <lom:keyword>
            <lom:string language="en">generators and relations</lom:string>
        </lom:keyword>
        <lom:keyword>
            <lom:string language="en">structure of abelian groups</lom:string>
        </lom:keyword>
        <lom:keyword>
            <lom:string language="en">Rings: Abstract Constructions</lom:string>
        </lom:keyword>
        <lom:keyword>
            <lom:string language="en">relations in a ring</lom:string>
        </lom:keyword>
        <lom:keyword>
            <lom:string language="en">adjoining elements</lom:string>
        </lom:keyword>
        <lom:keyword>
            <lom:string language="en">Fields: Field Extensions</lom:string>
        </lom:keyword>
        <lom:keyword>
            <lom:string language="en">algebraic elements</lom:string>
        </lom:keyword>
        <lom:keyword>
            <lom:string language="en">degree of field extension</lom:string>
        </lom:keyword>
        <lom:keyword>
            <lom:string language="en">ruler and compass</lom:string>
        </lom:keyword>
        <lom:keyword>
            <lom:string language="en">symbolic adjunction</lom:string>
        </lom:keyword>
        <lom:keyword>
            <lom:string language="en">finite fields</lom:string>
        </lom:keyword>
        <lom:keyword>
            <lom:string language="en">Fields: Galois Theory</lom:string>
        </lom:keyword>
        <lom:keyword>
            <lom:string language="en">the main theorem</lom:string>
        </lom:keyword>
        <lom:keyword>
            <lom:string language="en">cubic equations</lom:string>
        </lom:keyword>
        <lom:keyword>
            <lom:string language="en">symmetric functions</lom:string>
        </lom:keyword>
        <lom:keyword>
            <lom:string language="en">primitive elements</lom:string>
        </lom:keyword>
        <lom:keyword>
            <lom:string language="en">quartic equations</lom:string>
        </lom:keyword>
        <lom:keyword>
            <lom:string language="en">quintic equations</lom:string>
        </lom:keyword>
    </lom:classification>
</lom:lom>
